,Accuracy,Precision,Recall,F1-score,Log Loss,ROC-AUC
GRU,0.08461538461538462,0.09897928524997678,0.08461538461538462,0.06808209330752062,3.656654973664515,0.7073822691469751
LeNet-5,0.632051282051282,0.6561662745843503,0.632051282051282,0.6283394107002459,1.4659190071722483,0.9753527735880676
LeNet5-GRU,0.6487179487179487,0.661734971089877,0.6487179487179487,0.6419929381918708,1.2557464922146178,0.9790464219875985
LSTM,0.26666666666666666,0.2760518449915531,0.26666666666666666,0.24408070842489174,2.7102798748925,0.8899312887548183
VGG-16,0.6602564102564102,0.6720529473941582,0.6602564102564102,0.653010940460428,1.6213385154026996,0.980160884866767
VGG16-GRU,0.21666666666666667,0.19481696296369433,0.21666666666666667,0.19297368393228145,2.763314105674688,0.8833936651583711
